9,322,10,2,14,17,22,12,83,60,30,5,77,,,,,,,
,,,IMLS1.2_MP1_IMLS002_A02,IMLS1.2_MP1_IMLS032_C10,IMLS1.2_MP1_IMLS048_E02,IMLS1.2_MP1_IMLS068_F10,IMLS1.2_MP1_IMLS138_G08,IMLS3_MP1_IMLS280_E04,IMLS3_MP1_IMLS244_B03,IMLS3_MP1_IMLS307_G07,IMLS3_MP1_IMLS312_G12,IMLS4_MP1_IMLS336_C05,,,,,,,
Ind,Pop,QrZAG20, ,QpZAG110, ,QS00314, ,QpZAG9, ,QS01904, ,QS03297, ,MSQ4, ,QS00562, ,QrZAG87, 
"IMLS1.2_MP1_IMLS001_A01","IMLS1.2_MP1_IMLS002_A02","158","169","201","201","175","175","247","265","141","147","214","216","202","249","223","223","095","095"
"IMLS1.2_MP1_IMLS002_A02","IMLS1.2_MP1_IMLS002_A02","161","161","201","207","175","210","247","253","141","137","214","214","197","247","223","225","095","095"
"IMLS1.2_MP1_IMLS003_A03","IMLS1.2_MP1_IMLS032_C10","161","161","201","207","175","175","233","269","141","139","216","216","200","208","225","215","095","095"
"IMLS1.2_MP1_IMLS004_A04","IMLS1.2_MP1_IMLS032_C10","161","161","201","201","175","178","243","245","141","137","214","214","197","200","223","223","095","095"
"IMLS1.2_MP1_IMLS021_B11","IMLS1.2_MP1_IMLS032_C10","169","161","207","207","175","181","247","269","137","137","216","218","202","217","223","223","095","095"
"IMLS1.2_MP1_IMLS022_B12","IMLS1.2_MP1_IMLS032_C10","161","161","207","207","178","172","269","249","141","137","216","216","217","204","223","223","095","095"
"IMLS1.2_MP1_IMLS023_C01","IMLS1.2_MP1_IMLS032_C10","161","161","207","207","178","172","269","249","141","137","216","216","217","204","223","223","095","095"
"IMLS1.2_MP1_IMLS024_C02","IMLS1.2_MP1_IMLS032_C10","158","161","201","201","175","175","245","235","137","137","214","214","197","197","223","223","095","095"
"IMLS1.2_MP1_IMLS025_C03","IMLS1.2_MP1_IMLS032_C10","158","161","205","215","172","169","265","245","147","139","216","216","202","202","223","223","095","095"
"IMLS1.2_MP1_IMLS026_C04","IMLS1.2_MP1_IMLS032_C10","169","161","207","205","175","178","0","0","0","0","214","216","212","212","223","225","095","095"
"IMLS1.2_MP1_IMLS027_C05","IMLS1.2_MP1_IMLS032_C10","158","169","201","213","175","178","247","249","137","139","214","216","199","199","223","223","095","095"
"IMLS1.2_MP1_IMLS028_C06","IMLS1.2_MP1_IMLS032_C10","158","169","201","213","175","178","247","249","137","139","214","216","199","199","223","223","095","095"
"IMLS1.2_MP1_IMLS029_C07","IMLS1.2_MP1_IMLS032_C10","161","156","201","201","175","181","247","245","137","137","214","226","201","201","223","223","095","095"
"IMLS1.2_MP1_IMLS030_C08","IMLS1.2_MP1_IMLS032_C10","161","161","201","205","175","172","247","265","137","139","216","230","202","246","223","223","095","095"
"IMLS1.2_MP1_IMLS031_C09","IMLS1.2_MP1_IMLS032_C10","161","161","201","201","175","178","243","245","141","139","216","216","198","214","223","223","095","095"
"IMLS1.2_MP1_IMLS032_C10","IMLS1.2_MP1_IMLS032_C10","161","173","201","205","175","175","245","257","141","141","216","216","198","207","223","223","095","095"
"IMLS1.2_MP1_IMLS005_A05","IMLS1.2_MP1_IMLS048_E02","161","163","207","207","175","175","269","271","137","137","216","216","199","203","223","225","095","095"
"IMLS1.2_MP1_IMLS006_A06","IMLS1.2_MP1_IMLS048_E02","164","167","201","201","175","175","265","235","137","137","216","216","212","232","223","223","095","095"
"IMLS1.2_MP1_IMLS033_C11","IMLS1.2_MP1_IMLS048_E02","161","163","201","201","181","169","245","231","137","137","216","216","208","208","223","223","095","095"
"IMLS1.2_MP1_IMLS034_C12","IMLS1.2_MP1_IMLS048_E02","161","161","201","207","175","175","253","249","137","139","214","226","198","218","223","223","095","095"
"IMLS1.2_MP1_IMLS035_D01","IMLS1.2_MP1_IMLS048_E02","161","163","207","205","175","178","265","249","137","137","214","217","203","215","223","223","095","095"
"IMLS1.2_MP1_IMLS036_D02","IMLS1.2_MP1_IMLS048_E02","161","156","201","207","175","178","0","0","137","137","216","216","201","203","223","225","095","095"
"IMLS1.2_MP1_IMLS037_D03","IMLS1.2_MP1_IMLS048_E02","156","164","201","201","175","181","0","0","137","137","216","216","232","236","225","188","095","095"
"IMLS1.2_MP1_IMLS038_D04","IMLS1.2_MP1_IMLS048_E02","161","161","207","207","175","175","253","235","137","137","0","0","197","214","223","223","095","095"
"IMLS1.2_MP1_IMLS039_D05","IMLS1.2_MP1_IMLS048_E02","161","154","201","205","175","175","245","245","147","147","216","230","204","199","223","223","095","095"
"IMLS1.2_MP1_IMLS041_D07","IMLS1.2_MP1_IMLS048_E02","158","158","201","201","175","181","245","245","141","147","214","214","197","203","225","225","095","095"
"IMLS1.2_MP1_IMLS042_D08","IMLS1.2_MP1_IMLS048_E02","158","158","201","201","175","181","245","245","141","147","214","214","197","203","225","225","095","095"
"IMLS1.2_MP1_IMLS043_D09","IMLS1.2_MP1_IMLS048_E02","161","164","201","205","175","178","0","0","141","137","216","216","232","210","223","225","095","095"
"IMLS1.2_MP1_IMLS044_D10","IMLS1.2_MP1_IMLS048_E02","161","164","201","205","175","178","0","0","141","137","216","216","232","210","223","225","095","095"
"IMLS1.2_MP1_IMLS045_D11","IMLS1.2_MP1_IMLS048_E02","161","161","201","207","169","184","249","235","141","137","214","216","197","212","223","223","095","095"
"IMLS1.2_MP1_IMLS046_D12","IMLS1.2_MP1_IMLS048_E02","161","161","201","201","175","175","253","263","137","137","216","216","206","227","223","227","095","095"
"IMLS1.2_MP1_IMLS047_E01","IMLS1.2_MP1_IMLS048_E02","169","161","201","205","210","178","269","251","141","147","214","216","199","207","223","223","095","095"
"IMLS1.2_MP1_IMLS048_E02","IMLS1.2_MP1_IMLS048_E02","161","163","201","205","175","181","263","263","139","155","214","217","0","0","223","223","095","095"
"IMLS1.2_MP1_IMLS007_B01","IMLS1.2_MP1_IMLS068_F10","158","161","201","207","178","184","0","0","137","137","216","216","197","195","223","223","095","095"
"IMLS1.2_MP1_IMLS008_B02","IMLS1.2_MP1_IMLS068_F10","161","164","207","203","178","178","251","251","137","137","216","230","197","199","223","223","095","095"
"IMLS1.2_MP1_IMLS049_E03","IMLS1.2_MP1_IMLS068_F10","161","156","201","207","178","178","249","271","137","137","0","0","208","214","223","223","095","095"
"IMLS1.2_MP1_IMLS050_E04","IMLS1.2_MP1_IMLS068_F10","161","167","201","203","175","178","245","249","141","141","214","216","214","220","223","223","095","095"
"IMLS1.2_MP1_IMLS051_E05","IMLS1.2_MP1_IMLS068_F10","161","173","201","207","175","175","251","259","137","139","214","214","195","195","225","225","095","095"
"IMLS1.2_MP1_IMLS052_E06","IMLS1.2_MP1_IMLS068_F10","169","161","201","205","175","178","269","271","141","139","214","216","202","202","223","225","095","095"
"IMLS1.2_MP1_IMLS053_E07","IMLS1.2_MP1_IMLS068_F10","158","161","207","207","175","210","0","0","141","147","216","216","212","228","223","225","095","095"
"IMLS1.2_MP1_IMLS054_E08","IMLS1.2_MP1_IMLS068_F10","161","161","207","209","210","181","247","247","141","139","214","216","202","202","223","225","095","095"
"IMLS1.2_MP1_IMLS055_E09","IMLS1.2_MP1_IMLS068_F10","158","161","201","201","175","175","247","253","147","139","214","216","199","228","223","223","095","095"
"IMLS1.2_MP1_IMLS056_E10","IMLS1.2_MP1_IMLS068_F10","169","161","201","209","210","181","247","247","139","145","214","214","200","230","223","223","095","095"
"IMLS1.2_MP1_IMLS057_E11","IMLS1.2_MP1_IMLS068_F10","158","161","207","203","175","210","247","245","141","147","214","216","202","228","223","223","095","095"
"IMLS1.2_MP1_IMLS058_E12","IMLS1.2_MP1_IMLS068_F10","161","161","201","203","175","181","247","231","141","137","0","0","214","210","0","0","095","095"
"IMLS1.2_MP1_IMLS059_F01","IMLS1.2_MP1_IMLS068_F10","158","161","201","203","178","184","269","259","137","137","216","216","197","228","223","225","095","095"
"IMLS1.2_MP1_IMLS060_F02","IMLS1.2_MP1_IMLS068_F10","158","158","201","203","210","184","247","247","137","137","214","216","228","228","223","223","095","095"
"IMLS1.2_MP1_IMLS061_F03","IMLS1.2_MP1_IMLS068_F10","158","161","201","203","210","178","0","0","137","137","214","214","210","228","223","225","095","095"
"IMLS1.2_MP1_IMLS062_F04","IMLS1.2_MP1_IMLS068_F10","158","175","201","207","178","181","269","257","137","137","214","218","195","220","223","223","095","095"
"IMLS1.2_MP1_IMLS063_F05","IMLS1.2_MP1_IMLS068_F10","158","161","201","203","175","169","247","257","141","137","216","216","206","206","223","223","095","095"
"IMLS1.2_MP1_IMLS064_F06","IMLS1.2_MP1_IMLS068_F10","161","161","201","203","175","169","247","247","137","137","216","216","202","210","223","225","095","095"
"IMLS1.2_MP1_IMLS065_F07","IMLS1.2_MP1_IMLS068_F10","161","161","201","203","175","169","247","247","141","137","216","216","202","206","223","225","095","095"
"IMLS1.2_MP1_IMLS066_F08","IMLS1.2_MP1_IMLS068_F10","158","161","201","203","175","175","247","257","141","137","216","216","210","206","223","223","095","095"
"IMLS1.2_MP1_IMLS067_F09","IMLS1.2_MP1_IMLS068_F10","158","161","201","201","175","169","257","257","137","137","214","216","210","206","223","225","095","095"
"IMLS1.2_MP1_IMLS068_F10","IMLS1.2_MP1_IMLS068_F10","163","164","201","203","175","175","235","263","139","139","214","216","208","211","223","223","095","095"
"IMLS1.2_MP1_IMLS009_B03","IMLS1.2_MP1_IMLS138_G08","161","161","201","201","178","172","247","231","141","137","214","214","202","202","223","223","095","095"
"IMLS1.2_MP1_IMLS010_B04","IMLS1.2_MP1_IMLS138_G08","161","164","207","205","178","172","249","249","141","139","214","214","232","196","223","225","095","097"
"IMLS1.2_MP1_IMLS069_F11","IMLS1.2_MP1_IMLS138_G08","161","164","205","203","175","172","247","269","141","141","0","0","232","206","223","223","095","097"
"IMLS1.2_MP1_IMLS070_F12","IMLS1.2_MP1_IMLS138_G08","161","161","201","201","178","184","269","269","141","143","214","216","206","206","225","225","095","095"
"IMLS1.2_MP1_IMLS131_G01","IMLS1.2_MP1_IMLS138_G08","161","161","0","0","178","184","269","269","141","143","214","216","206","206","0","0","095","095"
"IMLS1.2_MP1_IMLS132_G02","IMLS1.2_MP1_IMLS138_G08","161","164","201","205","178","184","247","231","139","149","214","214","202","202","223","223","095","095"
"IMLS1.2_MP1_IMLS133_G03","IMLS1.2_MP1_IMLS138_G08","161","161","201","205","175","175","247","231","141","137","214","216","202","232","223","223","095","095"
"IMLS1.2_MP1_IMLS134_G04","IMLS1.2_MP1_IMLS138_G08","161","161","201","205","175","175","247","231","141","137","214","216","202","232","223","223","095","095"
"IMLS1.2_MP1_IMLS135_G05","IMLS1.2_MP1_IMLS138_G08","161","164","207","205","175","172","247","249","141","149","216","216","202","206","223","223","095","095"
"IMLS1.2_MP1_IMLS136_G06","IMLS1.2_MP1_IMLS138_G08","161","164","207","205","175","172","269","249","141","139","230","230","200","196","223","223","095","095"
"IMLS1.2_MP1_IMLS137_G07","IMLS1.2_MP1_IMLS138_G08","161","161","201","201","175","178","247","231","141","137","230","230","202","217","223","223","095","097"
"IMLS1.2_MP1_IMLS138_G08","IMLS1.2_MP1_IMLS138_G08","164","164","201","203","172","172","247","269","141","139","0","0","232","232","223","223","095","097"
"IMLS1.2_MP1_IMLS011_A07","IMLS3_MP1_IMLS280_E04","161","163","207","207","175","178","233","233","137","137","214","214","204","214","223","225","095","095"
"IMLS1.2_MP1_IMLS012_A08","IMLS3_MP1_IMLS280_E04","158","167","207","205","175","175","247","257","141","139","214","215","204","204","223","223","095","095"
"IMLS1.2_MP1_IMLS139_G09","IMLS3_MP1_IMLS280_E04","158","161","201","217","178","181","269","251","139","139","214","216","202","234","225","225","095","095"
"IMLS1.2_MP1_IMLS140_G10","IMLS3_MP1_IMLS280_E04","158","161","201","207","175","175","269","235","137","149","216","216","201","201","223","225","095","095"
"IMLS1.2_MP1_IMLS141_G11","IMLS3_MP1_IMLS280_E04","161","185","201","205","175","175","265","251","141","137","228","228","202","201","223","223","095","095"
"IMLS1.2_MP1_IMLS142_G12","IMLS3_MP1_IMLS280_E04","161","185","201","205","175","175","265","251","141","137","228","228","202","201","223","223","095","095"
"IMLS1.2_MP1_IMLS143_H01","IMLS3_MP1_IMLS280_E04","173","164","0","0","181","181","265","253","137","137","226","226","202","220","223","223","095","095"
"IMLS1.2_MP1_IMLS144_H02","IMLS3_MP1_IMLS280_E04","169","161","0","0","178","178","269","243","137","137","216","216","201","234","223","223","095","095"
"IMLS1.2_MP1_IMLS145_H03","IMLS3_MP1_IMLS280_E04","161","161","207","205","175","178","253","243","139","139","216","216","200","212","223","223","095","095"
"IMLS1.2_MP1_IMLS146_H04","IMLS3_MP1_IMLS280_E04","169","161","205","213","175","175","253","269","137","139","214","228","202","202","0","0","095","095"
"IMLS1.2_MP1_IMLS147_H05","IMLS3_MP1_IMLS280_E04","169","161","205","213","175","175","253","269","137","139","214","228","202","202","0","0","095","095"
"IMLS1.2_MP1_IMLS148_H06","IMLS3_MP1_IMLS280_E04","161","167","201","201","175","169","245","257","137","137","216","216","211","211","223","223","095","095"
"IMLS1.2_MP1_IMLS149_H07","IMLS3_MP1_IMLS280_E04","161","171","207","203","175","178","243","249","141","141","214","216","199","199","223","225","095","095"
"IMLS1.2_MP1_IMLS150_H08","IMLS3_MP1_IMLS280_E04","161","167","201","213","175","178","251","255","147","137","215","215","212","212","225","225","095","095"
"IMLS1.2_MP1_IMLS151_H09","IMLS3_MP1_IMLS280_E04","161","161","207","205","175","175","247","253","141","139","214","214","201","211","0","0","095","095"
"IMLS1.2_MP1_IMLS152_H10","IMLS3_MP1_IMLS280_E04","156","177","201","201","175","178","269","269","141","141","214","216","199","214","225","225","095","095"
"IMLS2.2_MP1_IMLS153_B01","IMLS3_MP1_IMLS280_E04","161","156","201","207","178","181","245","245","137","137","214","206","211","209","223","225","095","095"
"IMLS2.2_MP1_IMLS154_B02","IMLS3_MP1_IMLS280_E04","156","164","201","201","181","181","247","263","137","137","214","216","198","205","223","223","095","095"
"IMLS2.2_MP1_IMLS155_B03","IMLS3_MP1_IMLS280_E04","169","161","201","207","175","175","269","269","137","137","214","214","217","198","223","223","095","095"
"IMLS2.2_MP1_IMLS156_B04","IMLS3_MP1_IMLS280_E04","161","161","201","205","175","175","265","253","137","139","214","214","200","198","223","223","095","095"
"IMLS2.2_MP1_IMLS157_B05","IMLS3_MP1_IMLS280_E04","161","161","201","205","175","175","265","253","137","139","214","214","200","198","223","223","095","095"
"IMLS2.2_MP1_IMLS158_B06","IMLS3_MP1_IMLS280_E04","169","161","201","207","175","175","269","269","137","137","214","214","217","198","223","223","095","095"
"IMLS2.2_MP1_IMLS159_B07","IMLS3_MP1_IMLS280_E04","173","175","201","207","175","175","235","257","141","137","214","216","0","0","223","215","095","095"
"IMLS2.2_MP1_IMLS160_B08","IMLS3_MP1_IMLS280_E04","161","163","201","201","178","181","245","235","141","137","216","216","200","214","223","223","095","095"
"IMLS2.2_MP1_IMLS161_B09","IMLS3_MP1_IMLS280_E04","161","156","201","201","175","175","253","263","141","137","216","216","218","216","223","227","095","095"
"IMLS2.2_MP1_IMLS162_B10","IMLS3_MP1_IMLS280_E04","158","161","207","217","175","181","265","253","137","137","216","216","204","206","223","223","095","095"
"IMLS2.2_MP1_IMLS163_B11","IMLS3_MP1_IMLS280_E04","171","171","201","201","175","175","247","269","139","139","216","216","204","198","215","215","095","097"
"IMLS2.2_MP1_IMLS164_B12","IMLS3_MP1_IMLS280_E04","161","161","207","203","178","181","253","253","141","141","216","216","208","203","223","223","095","095"
"IMLS2.2_MP1_IMLS165_C01","IMLS3_MP1_IMLS280_E04","169","161","201","207","178","178","269","269","137","137","214","216","218","206","0","0","095","095"
"IMLS2.2_MP1_IMLS166_C02","IMLS3_MP1_IMLS280_E04","161","175","207","217","175","181","265","251","137","137","216","216","198","219","223","223","095","095"
"IMLS2.2_MP1_IMLS167_C03","IMLS3_MP1_IMLS280_E04","161","175","207","217","175","181","265","251","137","137","216","216","198","219","223","223","095","095"
"IMLS2.2_MP1_IMLS168_C04","IMLS3_MP1_IMLS280_E04","161","156","207","207","175","184","245","245","141","137","216","216","212","206","188","188","095","095"
"IMLS2.2_MP1_IMLS169_C05","IMLS3_MP1_IMLS280_E04","161","156","207","207","175","184","245","245","141","137","216","216","212","206","188","188","095","095"
"IMLS2.2_MP1_IMLS170_C06","IMLS3_MP1_IMLS280_E04","158","161","205","215","175","181","247","247","141","137","216","217","202","206","223","223","095","095"
"IMLS2.2_MP1_IMLS171_C07","IMLS3_MP1_IMLS280_E04","163","171","207","207","175","175","271","251","137","139","214","216","0","0","215","215","095","095"
"IMLS2.2_MP1_IMLS172_C08","IMLS3_MP1_IMLS280_E04","161","171","207","207","175","175","271","271","137","139","216","216","197","230","223","223","095","095"
"IMLS2.2_MP1_IMLS173_C09","IMLS3_MP1_IMLS280_E04","161","163","205","215","175","181","0","0","141","141","214","216","204","206","225","225","095","095"
"IMLS2.2_MP1_IMLS174_C10","IMLS3_MP1_IMLS280_E04","161","161","205","215","175","181","265","245","141","137","215","215","202","202","223","223","095","095"
"IMLS2.2_MP1_IMLS175_C11","IMLS3_MP1_IMLS280_E04","158","161","207","205","175","178","253","271","137","138","226","226","198","216","223","225","095","095"
"IMLS2.2_MP1_IMLS176_C12","IMLS3_MP1_IMLS280_E04","161","161","201","205","175","175","265","269","137","139","0","0","197","218","223","223","095","095"
"IMLS2.2_MP1_IMLS177_D01","IMLS3_MP1_IMLS280_E04","161","161","201","205","176","176","265","269","137","139","0","0","197","218","223","223","095","095"
"IMLS2.2_MP1_IMLS178_D02","IMLS3_MP1_IMLS280_E04","158","167","207","205","175","175","247","257","141","139","0","0","204","204","223","223","095","095"
"IMLS2.2_MP1_IMLS179_D03","IMLS3_MP1_IMLS280_E04","161","156","201","207","178","178","0","0","147","139","214","216","204","216","223","225","095","095"
"IMLS2.2_MP1_IMLS180_D04","IMLS3_MP1_IMLS280_E04","158","161","207","207","178","178","247","265","139","138","214","230","204","201","223","223","095","095"
"IMLS1.2_MP1_IMLS015_B05","IMLS3_MP1_IMLS280_E04","161","167","201","207","175","175","247","243","137","139","216","216","199","244","223","223","095","095"
"IMLS1.2_MP1_IMLS016_B06","IMLS3_MP1_IMLS280_E04","161","156","207","207","175","175","269","271","139","139","214","214","204","214","223","225","095","095"
"IMLS3_MP1_IMLS245_B04","IMLS3_MP1_IMLS280_E04","175","175","207","205","175","175","247","269","141","139","216","216","208","206","0","0","095","095"
"IMLS3_MP1_IMLS246_B05","IMLS3_MP1_IMLS280_E04","175","175","207","205","175","175","247","269","141","139","216","216","208","206","0","0","095","095"
"IMLS3_MP1_IMLS247_B06","IMLS3_MP1_IMLS280_E04","169","161","201","201","175","181","245","249","141","137","214","216","197","199","223","223","095","095"
"IMLS3_MP1_IMLS248_B07","IMLS3_MP1_IMLS280_E04","161","156","201","207","175","181","253","253","0","0","0","0","0","0","223","223","095","095"
"IMLS3_MP1_IMLS249_B08","IMLS3_MP1_IMLS280_E04","169","161","201","207","181","181","247","249","137","139","216","230","197","197","223","223","095","095"
"IMLS3_MP1_IMLS250_B09","IMLS3_MP1_IMLS280_E04","169","163","201","213","175","166","247","255","137","137","218","218","198","198","224","224","095","095"
"IMLS3_MP1_IMLS251_B10","IMLS3_MP1_IMLS280_E04","161","175","207","207","175","178","249","271","141","137","214","214","197","214","223","223","095","095"
"IMLS3_MP1_IMLS252_B11","IMLS3_MP1_IMLS280_E04","161","175","203","199","178","181","247","264","141","137","214","214","196","209","223","215","095","095"
"IMLS3_MP1_IMLS253_B12","IMLS3_MP1_IMLS280_E04","161","175","201","203","175","181","247","249","137","139","214","216","204","209","223","223","095","095"
"IMLS3_MP1_IMLS254_C01","IMLS3_MP1_IMLS280_E04","161","161","201","207","181","181","245","231","141","137","215","215","202","209","223","223","095","093"
"IMLS3_MP1_IMLS255_C02","IMLS3_MP1_IMLS280_E04","161","156","201","207","175","178","269","251","137","139","214","216","202","201","223","225","095","095"
"IMLS3_MP1_IMLS256_C03","IMLS3_MP1_IMLS280_E04","161","161","207","205","175","175","249","230","137","137","216","228","204","209","223","215","095","095"
"IMLS3_MP1_IMLS257_C04","IMLS3_MP1_IMLS280_E04","161","175","207","205","175","175","269","273","137","139","214","226","195","216","223","223","095","095"
"IMLS3_MP1_IMLS259_C06","IMLS3_MP1_IMLS280_E04","161","161","201","213","175","166","265","253","137","149","214","214","212","199","223","223","095","095"
"IMLS3_MP1_IMLS261_C08","IMLS3_MP1_IMLS280_E04","161","161","201","201","178","181","245","245","141","143","214","214","200","212","188","188","095","095"
"IMLS3_MP1_IMLS263_C10","IMLS3_MP1_IMLS280_E04","161","161","205","217","175","184","247","249","141","137","0","0","200","200","223","223","095","095"
"IMLS3_MP1_IMLS265_C12","IMLS3_MP1_IMLS280_E04","161","161","201","207","178","178","247","265","139","143","218","226","202","226","223","223","095","095"
"IMLS3_MP1_IMLS267_D02","IMLS3_MP1_IMLS280_E04","161","156","207","207","175","178","247","245","137","143","218","226","210","226","188","188","095","095"
"IMLS3_MP1_IMLS268_D03","IMLS3_MP1_IMLS280_E04","161","171","207","213","175","172","265","243","147","137","226","226","199","215","223","223","095","095"
"IMLS3_MP1_IMLS269_D04","IMLS3_MP1_IMLS280_E04","161","161","201","207","175","169","265","253","139","156","214","216","214","206","223","223","095","095"
"IMLS3_MP1_IMLS270_D05","IMLS3_MP1_IMLS280_E04","161","163","207","205","175","172","255","255","137","139","218","226","200","200","224","224","095","095"
"IMLS3_MP1_IMLS271_D06","IMLS3_MP1_IMLS280_E04","161","161","201","207","175","178","0","0","137","139","216","218","200","218","223","225","095","095"
"IMLS3_MP1_IMLS272_D08","IMLS3_MP1_IMLS280_E04","158","161","201","207","175","169","269","243","137","137","0","0","204","213","223","223","095","095"
"IMLS3_MP1_IMLS273_D09","IMLS3_MP1_IMLS280_E04","158","161","207","213","175","175","243","257","137","137","214","214","228","196","223","223","095","095"
"IMLS3_MP1_IMLS274_D10","IMLS3_MP1_IMLS280_E04","163","175","201","207","178","178","247","249","137","139","214","214","202","205","223","223","095","095"
"IMLS3_MP1_IMLS275_D11","IMLS3_MP1_IMLS280_E04","161","161","201","201","175","181","249","261","139","149","214","217","207","207","223","223","095","095"
"IMLS3_MP1_IMLS276_D12","IMLS3_MP1_IMLS280_E04","169","175","207","205","175","178","269","271","137","137","214","216","200","204","225","225","095","095"
"IMLS3_MP1_IMLS277_E01","IMLS3_MP1_IMLS280_E04","161","175","207","207","175","178","247","247","137","137","214","214","204","199","223","223","095","095"
"IMLS1.2_MP1_IMLS017_B07","IMLS3_MP1_IMLS280_E04","161","173","201","201","175","178","245","257","0","0","216","206","204","207","0","0","095","095"
"IMLS1.2_MP1_IMLS018_B08","IMLS3_MP1_IMLS280_E04","169","173","201","201","178","181","245","245","137","151","214","216","197","197","223","223","095","095"
"IMLS3_MP1_IMLS258_C05","IMLS3_MP1_IMLS280_E04","169","161","201","205","175","181","247","269","137","137","214","214","201","216","0","0","095","095"
"IMLS3_MP1_IMLS260_C07","IMLS3_MP1_IMLS280_E04","161","167","201","207","178","173","245","245","137","149","214","214","207","207","223","223","095","095"
"IMLS3_MP1_IMLS262_C09","IMLS3_MP1_IMLS280_E04","161","163","201","213","175","172","265","249","137","137","0","0","199","199","223","223","095","095"
"IMLS3_MP1_IMLS264_C11","IMLS3_MP1_IMLS280_E04","161","156","201","217","175","175","265","255","141","137","0","0","199","199","224","224","095","095"
"IMLS3_MP1_IMLS278_E02","IMLS3_MP1_IMLS280_E04","163","167","201","199","175","178","247","245","141","141","216","216","197","197","223","223","095","095"
"IMLS3_MP1_IMLS279_E03","IMLS3_MP1_IMLS280_E04","161","156","207","205","175","178","247","271","137","137","214","206","197","207","223","223","095","095"
"IMLS3_MP1_IMLS280_E04","IMLS3_MP1_IMLS280_E04","169","161","201","201","178","181","247","245","137","137","216","216","204","211","223","223","095","095"
"IMLS1.2_MP1_IMLS013_A09","IMLS3_MP1_IMLS244_B03","161","173","201","203","175","169","235","235","141","141","214","224","204","209","223","225","095","095"
"IMLS1.2_MP1_IMLS014_A10","IMLS3_MP1_IMLS244_B03","161","163","201","203","210","172","253","253","137","137","216","216","200","234","225","225","095","095"
"IMLS2.2_MP1_IMLS181_D05","IMLS3_MP1_IMLS244_B03","161","161","201","201","175","178","247","247","137","137","214","214","202","206","223","223","095","095"
"IMLS2.2_MP1_IMLS182_B02","IMLS3_MP1_IMLS244_B03","169","169","201","205","178","172","235","235","141","137","214","216","0","0","223","225","095","095"
"IMLS2.2_MP1_IMLS183_D07","IMLS3_MP1_IMLS244_B03","161","161","201","201","175","210","251","251","137","137","0","0","210","210","223","223","095","095"
"IMLS2.2_MP1_IMLS184_D08","IMLS3_MP1_IMLS244_B03","158","161","201","207","175","172","253","253","147","137","214","216","202","202","223","223","095","095"
"IMLS2.2_MP1_IMLS185_D09","IMLS3_MP1_IMLS244_B03","169","163","201","201","175","172","247","247","141","139","216","216","198","214","223","223","095","095"
"IMLS2.2_MP1_IMLS186_D10","IMLS3_MP1_IMLS244_B03","161","161","201","207","175","172","253","243","137","137","214","216","202","210","223","223","095","095"
"IMLS2.2_MP1_IMLS187_D11","IMLS3_MP1_IMLS244_B03","158","161","201","201","175","172","243","243","141","139","216","216","214","206","223","223","095","095"
"IMLS2.2_MP1_IMLS188_D12","IMLS3_MP1_IMLS244_B03","158","161","201","203","178","169","245","245","147","147","214","214","212","210","225","188","095","095"
"IMLS2.2_MP1_IMLS189_E01","IMLS3_MP1_IMLS244_B03","158","161","201","203","178","169","0","0","139","149","216","216","199","206","225","225","095","095"
"IMLS2.2_MP1_IMLS190_E02","IMLS3_MP1_IMLS244_B03","161","161","201","205","175","172","235","237","141","137","214","216","212","210","223","223","095","095"
"IMLS2.2_MP1_IMLS191_E03","IMLS3_MP1_IMLS244_B03","158","161","201","201","175","175","253","245","141","147","230","230","200","234","188","188","095","095"
"IMLS2.2_MP1_IMLS192_E04","IMLS3_MP1_IMLS244_B03","158","161","201","209","175","169","0","0","137","139","216","216","216","242","223","225","095","095"
"IMLS2.2_MP1_IMLS193_E05","IMLS3_MP1_IMLS244_B03","158","169","201","201","175","169","0","0","141","141","216","216","204","214","223","223","095","095"
"IMLS2.2_MP1_IMLS194_E06","IMLS3_MP1_IMLS244_B03","158","161","201","203","175","210","235","235","141","141","214","216","212","238","223","225","095","095"
"IMLS2.2_MP1_IMLS195_E07","IMLS3_MP1_IMLS244_B03","161","163","203","203","178","172","235","235","141","139","216","216","197","214","223","225","095","095"
"IMLS2.2_MP1_IMLS196_E08","IMLS3_MP1_IMLS244_B03","158","161","201","207","172","169","245","235","141","137","214","216","232","232","223","188","095","095"
"IMLS2.2_MP1_IMLS197_E09","IMLS3_MP1_IMLS244_B03","158","161","201","201","175","178","247","251","141","141","216","216","214","214","225","225","095","097"
"IMLS2.2_MP1_IMLS198_E10","IMLS3_MP1_IMLS244_B03","161","164","201","203","175","178","247","243","137","137","216","216","204","204","223","225","095","095"
"IMLS2.2_MP1_IMLS199_E11","IMLS3_MP1_IMLS244_B03","161","161","201","203","175","178","257","257","141","137","214","216","202","216","223","225","095","095"
"IMLS2.2_MP1_IMLS200_E12","IMLS3_MP1_IMLS244_B03","161","163","201","207","175","172","235","235","141","141","214","216","212","216","223","223","095","095"
"IMLS2.2_MP1_IMLS201_F01","IMLS3_MP1_IMLS244_B03","158","161","201","201","175","169","243","245","141","137","214","216","199","211","223","223","095","095"
"IMLS2.2_MP1_IMLS202_F02","IMLS3_MP1_IMLS244_B03","161","161","201","203","175","178","247","247","141","147","214","216","199","216","223","223","095","095"
"IMLS2.2_MP1_IMLS209_F03","IMLS3_MP1_IMLS244_B03","158","161","0","0","175","210","245","245","141","137","216","216","202","209","225","225","095","095"
"IMLS2.2_MP1_IMLS210_F04","IMLS3_MP1_IMLS244_B03","158","158","0","0","175","169","245","245","141","137","214","214","212","212","223","225","095","095"
"IMLS2.2_MP1_IMLS211_F05","IMLS3_MP1_IMLS244_B03","169","161","201","201","210","172","253","245","147","137","216","216","204","199","223","225","095","095"
"IMLS2.2_MP1_IMLS212_F06","IMLS3_MP1_IMLS244_B03","161","173","201","203","175","175","245","245","141","141","214","216","210","210","223","188","095","095"
"IMLS2.2_MP1_IMLS213_F07","IMLS3_MP1_IMLS244_B03","158","161","201","201","172","169","245","245","137","137","0","0","212","212","188","188","095","095"
"IMLS2.2_MP1_IMLS214_F08","IMLS3_MP1_IMLS244_B03","161","156","201","203","178","172","247","235","137","137","216","216","202","202","223","223","095","095"
"IMLS2.2_MP1_IMLS215_F09","IMLS3_MP1_IMLS244_B03","161","173","203","199","175","210","0","0","141","137","214","216","204","210","223","223","095","095"
"IMLS2.2_MP1_IMLS216_F10","IMLS3_MP1_IMLS244_B03","173","171","201","207","178","172","247","235","141","137","214","216","199","210","223","223","095","095"
"IMLS2.2_MP1_IMLS217_F11","IMLS3_MP1_IMLS244_B03","158","173","209","199","178","169","235","235","147","137","216","216","214","207","223","225","095","095"
"IMLS2.2_MP1_IMLS218_F12","IMLS3_MP1_IMLS244_B03","173","167","201","209","175","172","253","253","141","141","214","216","202","202","223","223","095","095"
"IMLS2.2_MP1_IMLS219_G01","IMLS3_MP1_IMLS244_B03","158","161","0","0","178","169","0","0","141","159","214","230","197","214","223","225","095","095"
"IMLS2.2_MP1_IMLS220_G02","IMLS3_MP1_IMLS244_B03","158","167","0","0","175","172","265","253","141","137","214","214","202","202","223","223","095","095"
"IMLS2.2_MP1_IMLS221_G03","IMLS3_MP1_IMLS244_B03","161","173","201","205","175","175","253","253","141","137","216","216","200","214","223","223","095","095"
"IMLS2.2_MP1_IMLS222_G04","IMLS3_MP1_IMLS244_B03","158","158","201","205","178","178","0","0","141","159","216","230","214","214","223","225","095","095"
"IMLS2.2_MP1_IMLS223_G05","IMLS3_MP1_IMLS244_B03","158","173","201","201","178","172","231","263","137","137","214","214","202","214","225","225","095","095"
"IMLS2.2_MP1_IMLS224_G06","IMLS3_MP1_IMLS244_B03","158","161","201","203","175","169","251","251","147","137","214","230","202","214","223","223","095","095"
"IMLS2.2_MP1_IMLS225_G07","IMLS3_MP1_IMLS244_B03","158","161","201","201","175","172","235","235","147","147","214","216","210","206","223","223","095","095"
"IMLS2.2_MP1_IMLS226_G08","IMLS3_MP1_IMLS244_B03","158","161","205","199","175","178","245","235","141","137","214","216","199","210","223","225","095","095"
"IMLS2.2_MP1_IMLS227_G09","IMLS3_MP1_IMLS244_B03","158","161","201","209","175","172","245","245","147","137","224","224","210","234","225","188","095","095"
"IMLS2.2_MP1_IMLS228_G10","IMLS3_MP1_IMLS244_B03","161","173","207","203","175","172","253","243","141","139","214","216","0","0","223","223","095","095"
"IMLS2.2_MP1_IMLS229_G11","IMLS3_MP1_IMLS244_B03","169","161","205","203","175","172","247","267","137","137","214","214","200","257","223","225","095","095"
"IMLS2.2_MP1_IMLS230_G12","IMLS3_MP1_IMLS244_B03","161","161","201","201","175","181","247","247","137","149","214","214","214","214","225","225","095","095"
"IMLS2.2_MP1_IMLS231_H01","IMLS3_MP1_IMLS244_B03","161","161","201","203","175","178","243","235","141","137","214","214","204","206","223","217","095","095"
"IMLS2.2_MP1_IMLS232_H02","IMLS3_MP1_IMLS244_B03","158","161","201","207","175","178","245","235","147","137","216","240","204","214","223","215","095","095"
"IMLS2.2_MP1_IMLS233_H03","IMLS3_MP1_IMLS244_B03","161","161","201","203","175","172","0","0","141","137","214","214","204","216","225","225","095","095"
"IMLS2.2_MP1_IMLS234_H04","IMLS3_MP1_IMLS244_B03","158","158","201","201","175","172","247","243","141","147","214","216","214","210","223","223","095","095"
"IMLS2.2_MP1_IMLS235_H05","IMLS3_MP1_IMLS244_B03","161","161","201","201","175","175","235","235","141","137","214","216","199","206","225","217","095","095"
"IMLS2.2_MP1_IMLS236_H06","IMLS3_MP1_IMLS244_B03","169","173","201","203","175","172","247","247","137","137","214","216","204","199","223","223","095","095"
"IMLS2.2_MP1_IMLS237_H07","IMLS3_MP1_IMLS244_B03","158","161","201","207","175","184","243","257","141","141","214","217","214","210","223","223","095","095"
"IMLS2.2_MP1_IMLS238_H08","IMLS3_MP1_IMLS244_B03","158","161","201","207","175","172","245","245","141","141","214","214","199","199","225","188","095","095"
"IMLS2.2_MP1_IMLS239_H09","IMLS3_MP1_IMLS244_B03","161","161","207","203","172","172","245","245","141","137","214","214","199","199","225","188","095","097"
"IMLS2.2_MP1_IMLS240_H10","IMLS3_MP1_IMLS244_B03","158","161","201","203","178","169","245","235","137","139","214","216","207","209","0","0","0","0"
"IMLS2.2_MP1_IMLS241_B03","IMLS3_MP1_IMLS244_B03","161","173","201","201","172","184","245","245","141","147","214","216","199","207","223","225","095","095"
"IMLS3_MP1_IMLS242_B01","IMLS3_MP1_IMLS244_B03","158","161","203","203","178","172","247","247","137","139","216","240","202","204","223","223","095","095"
"IMLS3_MP1_IMLS243_B02","IMLS3_MP1_IMLS244_B03","158","173","201","203","175","175","245","245","149","149","214","214","199","214","225","188","095","095"
"IMLS3_MP1_IMLS244_B03","IMLS3_MP1_IMLS244_B03","161","171","201","203","175","172","245","251","137","137","214","216","214","210","223","188","095","095"
"IMLS1.2_MP1_IMLS019_B09","IMLS3_MP1_IMLS307_G07","161","156","215","219","175","184","269","249","141","141","214","214","204","201","223","225","095","095"
"IMLS1.2_MP1_IMLS020_B10","IMLS3_MP1_IMLS307_G07","161","171","201","201","175","181","253","243","141","139","214","214","199","210","223","223","095","095"
"IMLS3_MP1_IMLS266_D01","IMLS3_MP1_IMLS307_G07","161","163","201","217","176","176","255","255","0","0","216","216","199","199","0","0","0","0"
"IMLS3_MP1_IMLS281_E05","IMLS3_MP1_IMLS307_G07","163","164","201","201","175","178","245","257","141","137","214","245","203","211","223","223","095","095"
"IMLS3_MP1_IMLS282_E06","IMLS3_MP1_IMLS307_G07","161","164","201","201","178","181","265","245","137","139","216","245","214","211","223","223","095","095"
"IMLS3_MP1_IMLS283_E07","IMLS3_MP1_IMLS307_G07","161","161","207","219","175","175","253","269","137","137","214","214","200","207","223","225","095","095"
"IMLS3_MP1_IMLS284_E08","IMLS3_MP1_IMLS307_G07","161","173","201","201","175","175","249","251","137","137","214","214","204","236","223","223","095","095"
"IMLS3_MP1_IMLS285_E09","IMLS3_MP1_IMLS307_G07","161","164","201","205","175","178","249","251","137","139","214","214","0","0","0","0","095","095"
"IMLS3_MP1_IMLS286_E10","IMLS3_MP1_IMLS307_G07","161","161","201","209","172","172","247","263","141","141","0","0","200","215","223","227","095","095"
"IMLS3_MP1_IMLS287_E11","IMLS3_MP1_IMLS307_G07","161","173","201","209","172","172","245","263","141","137","214","215","215","209","227","190","095","095"
"IMLS3_MP1_IMLS288_E12","IMLS3_MP1_IMLS307_G07","158","161","201","201","175","178","265","253","137","137","214","214","196","213","223","223","095","095"
"IMLS3_MP1_IMLS289_F01","IMLS3_MP1_IMLS307_G07","161","161","201","205","178","172","247","235","137","137","214","230","215","213","223","215","095","095"
"IMLS3_MP1_IMLS290_F02","IMLS3_MP1_IMLS307_G07","161","161","201","207","175","172","247","263","141","137","214","230","200","216","223","227","095","095"
"IMLS3_MP1_IMLS291_F03","IMLS3_MP1_IMLS307_G07","161","161","205","219","178","169","247","245","141","139","214","216","207","215","223","223","095","095"
"IMLS3_MP1_IMLS292_F04","IMLS3_MP1_IMLS307_G07","161","167","209","209","172","172","245","263","141","137","216","224","208","215","227","190","095","095"
"IMLS3_MP1_IMLS293_F05","IMLS3_MP1_IMLS307_G07","161","167","207","203","175","172","269","263","141","137","224","224","208","204","227","227","095","095"
"IMLS3_MP1_IMLS294_F06","IMLS3_MP1_IMLS307_G07","161","161","209","209","172","172","245","263","141","137","0","0","200","209","227","190","095","095"
"IMLS3_MP1_IMLS295_F07","IMLS3_MP1_IMLS307_G07","156","163","201","205","178","177","247","253","137","139","216","240","220","209","223","223","095","095"
"IMLS3_MP1_IMLS296_F08","IMLS3_MP1_IMLS307_G07","161","163","207","219","175","184","245","257","137","137","214","214","201","206","223","223","095","095"
"IMLS3_MP1_IMLS297_F09","IMLS3_MP1_IMLS307_G07","161","177","201","205","175","181","247","263","141","137","0","0","0","0","0","0","095","095"
"IMLS3_MP1_IMLS298_F10","IMLS3_MP1_IMLS307_G07","156","163","201","203","175","181","269","249","141","137","214","214","0","0","223","223","095","095"
"IMLS3_MP1_IMLS299_F11","IMLS3_MP1_IMLS307_G07","169","161","199","219","175","175","269","245","137","137","214","214","208","201","223","223","095","095"
"IMLS3_MP1_IMLS300_F12","IMLS3_MP1_IMLS307_G07","161","163","205","203","175","184","253","269","137","156","214","216","201","214","0","0","095","095"
"IMLS3_MP1_IMLS301_G01","IMLS3_MP1_IMLS307_G07","161","156","215","219","175","175","269","269","141","137","214","214","212","214","0","0","095","095"
"IMLS3_MP1_IMLS302_G02","IMLS3_MP1_IMLS307_G07","161","164","207","205","175","175","0","0","137","149","214","245","206","211","223","223","095","095"
"IMLS3_MP1_IMLS303_G03","IMLS3_MP1_IMLS307_G07","169","171","201","203","175","178","257","251","141","147","214","216","197","208","223","223","095","095"
"IMLS3_MP1_IMLS304_G04","IMLS3_MP1_IMLS307_G07","158","156","201","207","181","169","247","245","141","141","214","216","211","211","223","223","095","095"
"IMLS3_MP1_IMLS305_G05","IMLS3_MP1_IMLS307_G07","163","171","207","203","175","175","245","257","141","137","214","214","208","211","223","223","095","095"
"IMLS3_MP1_IMLS306_G06","IMLS3_MP1_IMLS307_G07","161","156","201","207","178","181","0","0","139","149","214","216","202","202","223","225","095","095"
"IMLS3_MP1_IMLS307_G07","IMLS3_MP1_IMLS307_G07","161","161","207","207","175","178","265","257","137","137","0","0","208","206","223","215","095","095"
"IMLS3_MP1_IMLS308_G08","IMLS3_MP1_IMLS312_G12","161","161","201","209","178","178","245","245","141","149","216","216","202","202","0","0","095","095"
"IMLS3_MP1_IMLS309_G09","IMLS3_MP1_IMLS312_G12","161","161","201","209","175","178","249","257","141","137","216","216","202","220","223","223","095","095"
"IMLS3_MP1_IMLS310_G10","IMLS3_MP1_IMLS312_G12","158","161","201","207","178","184","245","249","141","149","216","216","202","210","223","223","095","095"
"IMLS3_MP1_IMLS311_G11","IMLS3_MP1_IMLS312_G12","161","164","201","201","178","178","233","245","141","139","214","216","202","211","223","223","095","095"
"IMLS3_MP1_IMLS312_G12","IMLS3_MP1_IMLS312_G12","158","169","201","201","184","184","249","255","141","149","216","216","202","200","0","0","095","095"
"IMLS3_MP1_IMLS313_H01","IMLS4_MP1_IMLS336_C05","158","161","201","207","175","210","247","265","147","137","214","214","197","247","223","223","095","095"
"IMLS3_MP1_IMLS314_H02","IMLS4_MP1_IMLS336_C05","158","161","201","205","175","178","247","235","147","137","216","216","210","206","223","225","095","095"
"IMLS3_MP1_IMLS315_H03","IMLS4_MP1_IMLS336_C05","158","161","201","205","178","178","247","247","147","137","214","214","202","206","223","223","095","095"
"IMLS4_MP1_IMLS355_E01","IMLS4_MP1_IMLS336_C05","161","161","201","207","175","210","247","245","141","137","214","214","247","204","223","223","095","095"
"IMLS4_MP1_IMLS356_E02","IMLS4_MP1_IMLS336_C05","161","161","201","207","175","175","247","245","141","137","214","214","247","204","223","223","095","095"
"IMLS4_MP1_IMLS357_E03","IMLS4_MP1_IMLS336_C05","161","161","201","207","175","210","253","245","141","141","214","214","197","199","225","225","095","095"
"IMLS4_MP1_IMLS358_E04","IMLS4_MP1_IMLS336_C05","161","161","207","207","175","210","247","253","141","137","214","214","197","247","223","225","095","095"
"IMLS4_MP1_IMLS359_E05","IMLS4_MP1_IMLS336_C05","161","161","201","201","175","175","247","245","141","141","214","214","247","204","223","223","095","095"
"IMLS4_MP1_IMLS360_E06","IMLS4_MP1_IMLS336_C05","161","161","201","207","175","210","247","245","141","141","214","214","197","199","223","223","095","095"
"IMLS4_MP1_IMLS361_E07","IMLS4_MP1_IMLS336_C05","158","161","201","207","175","175","247","253","147","137","216","216","197","247","223","225","095","095"
"IMLS4_MP1_IMLS362_E08","IMLS4_MP1_IMLS336_C05","156","175","207","207","175","178","247","230","137","139","216","206","199","207","215","215","095","093"
"IMLS4_MP1_IMLS363_E09","IMLS4_MP1_IMLS336_C05","158","161","201","201","175","169","247","257","137","137","216","216","202","206","223","223","095","095"
"IMLS4_MP1_IMLS364_E10","IMLS4_MP1_IMLS336_C05","158","161","201","201","175","175","247","257","137","137","214","216","202","210","223","223","095","095"
"IMLS4_MP1_IMLS365_E11","IMLS4_MP1_IMLS336_C05","161","161","201","201","175","169","247","247","137","137","216","216","210","206","223","225","095","095"
"IMLS4_MP1_IMLS366_E12","IMLS4_MP1_IMLS336_C05","161","161","201","203","175","176","247","247","137","137","216","216","202","206","223","223","095","095"
"IMLS4_MP1_IMLS367_F01","IMLS4_MP1_IMLS336_C05","156","171","201","205","178","177","265","271","137","137","214","224","197","232","223","223","095","095"
"IMLS4_MP1_IMLS368_F02","IMLS4_MP1_IMLS336_C05","156","173","201","201","178","181","245","271","137","137","214","214","197","197","223","223","095","095"
"IMLS4_MP1_IMLS369_F03","IMLS4_MP1_IMLS336_C05","161","161","207","205","178","177","245","271","137","137","214","214","197","207","223","223","095","095"
"IMLS4_MP1_IMLS345_D02","IMLS4_MP1_IMLS336_C05","161","171","201","201","175","169","247","235","137","137","216","216","210","210","223","223","095","095"
"IMLS4_MP1_IMLS352_D10","IMLS4_MP1_IMLS336_C05","169","161","201","207","175","210","247","265","147","137","214","214","202","247","223","223","095","095"
"IMLS4_MP1_IMLS353_D11","IMLS4_MP1_IMLS336_C05","169","161","201","201","175","175","247","247","147","137","214","214","202","247","223","223","095","095"
"IMLS3_MP1_IMLS318_H06","IMLS4_MP1_IMLS336_C05","161","161","201","201","175","175","247","245","141","137","214","214","247","204","223","223","095","095"
"IMLS3_MP1_IMLS319_H07","IMLS4_MP1_IMLS336_C05","161","161","201","201","210","172","247","269","147","137","214","216","197","210","223","225","095","095"
"IMLS3_MP1_IMLS320_H08","IMLS4_MP1_IMLS336_C05","161","161","201","201","175","175","253","245","141","137","214","214","197","199","225","225","095","095"
"IMLS3_MP1_IMLS321_H09","IMLS4_MP1_IMLS336_C05","161","161","201","203","175","175","247","247","137","137","216","216","202","206","223","223","095","095"
"IMLS3_MP1_IMLS322_H10","IMLS4_MP1_IMLS336_C05","161","161","201","201","175","169","247","247","141","137","216","216","202","206","223","225","095","095"
"IMLS4_MP1_IMLS323_B04","IMLS4_MP1_IMLS336_C05","161","161","201","201","175","169","247","257","137","137","216","216","202","210","223","223","095","095"
"IMLS3_MP1_IMLS317_H05","IMLS4_MP1_IMLS336_C05","158","161","201","203","178","169","247","245","141","137","216","216","202","208","225","188","095","095"
"IMLS3_MP1_IMLS316_H04","IMLS4_MP1_IMLS336_C05","161","161","205","203","172","169","0","0","141","141","214","216","210","210","223","225","095","097"
"IMLS4_MP1_IMLS326_B07","IMLS4_MP1_IMLS336_C05","158","158","201","205","175","210","247","247","141","147","214","214","210","206","223","225","095","095"
"IMLS4_MP1_IMLS327_B08","IMLS4_MP1_IMLS336_C05","169","161","201","201","178","172","247","247","147","137","214","214","197","206","223","225","095","095"
"IMLS4_MP1_IMLS330_B11","IMLS4_MP1_IMLS336_C05","161","171","205","217","175","175","247","263","137","139","216","216","0","0","223","227","095","095"
"IMLS4_MP1_IMLS331_B12","IMLS4_MP1_IMLS336_C05","158","161","201","203","175","175","257","257","141","137","216","216","210","206","223","225","095","095"
"IMLS4_MP1_IMLS337_C06","IMLS4_MP1_IMLS336_C05","161","156","201","217","178","181","247","263","137","138","0","0","204","209","223","223","095","095"
"IMLS4_MP1_IMLS338_C07","IMLS4_MP1_IMLS336_C05","161","161","205","203","175","175","269","249","137","137","216","226","201","232","223","223","095","095"
"IMLS4_MP1_IMLS339_C08","IMLS4_MP1_IMLS336_C05","158","161","201","201","175","175","247","253","147","139","214","216","199","228","223","223","095","095"
"IMLS4_MP1_IMLS340_C09","IMLS4_MP1_IMLS336_C05","161","163","201","201","172","172","0","0","141","137","216","216","202","204","223","225","095","095"
"IMLS4_MP1_IMLS341_C10","IMLS4_MP1_IMLS336_C05","158","164","201","207","175","172","264","267","137","137","216","216","199","206","223","225","095","095"
"IMLS4_MP1_IMLS342_C11","IMLS4_MP1_IMLS336_C05","169","161","203","203","175","172","245","245","137","139","214","216","204","209","223","225","095","095"
"IMLS4_MP1_IMLS343_C12","IMLS4_MP1_IMLS336_C05","161","163","201","201","175","175","253","231","137","137","216","216","204","224","223","223","095","095"
"IMLS4_MP1_IMLS344_D01","IMLS4_MP1_IMLS336_C05","156","164","207","207","175","175","253","243","137","137","216","217","204","232","223","223","095","095"
"IMLS4_MP1_IMLS324_B05","IMLS4_MP1_IMLS336_C05","169","161","201","201","175","178","247","235","147","147","214","216","210","206","223","225","095","095"
"IMLS4_MP1_IMLS325_B06","IMLS4_MP1_IMLS336_C05","158","161","201","201","178","172","247","264","147","147","214","216","206","206","223","223","095","095"
"IMLS4_MP1_IMLS328_B09","IMLS4_MP1_IMLS336_C05","158","163","205","203","172","172","0","0","141","137","216","216","0","0","223","225","095","095"
"IMLS4_MP1_IMLS329_B10","IMLS4_MP1_IMLS336_C05","161","161","201","205","172","172","0","0","141","141","230","230","199","234","223","225","095","095"
"IMLS4_MP1_IMLS346_D03","IMLS4_MP1_IMLS336_C05","161","161","201","203","175","169","247","247","141","141","216","216","202","206","223","225","095","095"
"IMLS4_MP1_IMLS347_D04","IMLS4_MP1_IMLS336_C05","161","161","201","203","175","175","247","247","141","137","216","216","202","202","223","225","095","095"
"IMLS4_MP1_IMLS348_D05","IMLS4_MP1_IMLS336_C05","161","161","201","203","175","169","247","247","141","141","216","216","206","206","223","225","095","095"
"IMLS4_MP1_IMLS349_D06","IMLS4_MP1_IMLS336_C05","158","161","201","201","175","169","247","257","137","137","216","216","206","206","223","223","095","095"
"IMLS4_MP1_IMLS350_D08","IMLS4_MP1_IMLS336_C05","158","161","201","203","175","175","257","257","137","137","214","216","210","206","223","225","095","095"
"IMLS4_MP1_IMLS351_D09","IMLS4_MP1_IMLS336_C05","158","161","201","201","175","176","257","257","137","137","216","216","206","206","225","225","095","095"
"IMLS4_MP1_IMLS354_D12","IMLS4_MP1_IMLS336_C05","158","163","205","203","210","178","253","253","141","137","216","216","204","234","223","223","095","095"
"IMLS4_MP1_IMLS370_F04","IMLS4_MP1_IMLS336_C05","161","161","201","203","175","169","247","247","141","137","216","216","202","206","223","225","095","095"
"IMLS4_MP1_IMLS371_F05","IMLS4_MP1_IMLS336_C05","169","161","201","201","178","181","245","245","139","151","0","0","197","197","223","223","095","095"
"IMLS4_MP1_IMLS372_F06","IMLS4_MP1_IMLS336_C05","161","161","201","201","175","178","0","0","137","137","214","214","199","201","225","215","095","095"
"IMLS4_MP1_IMLS373_F07","IMLS4_MP1_IMLS336_C05","161","161","201","207","175","181","245","230","137","139","214","216","197","199","223","215","095","093"
"IMLS4_MP1_IMLS374_F08","IMLS4_MP1_IMLS336_C05","0","0","0","0","0","0","245","271","137","137","214","216","197","228","223","188","095","093"
"IMLS4_MP1_IMLS375_F09","IMLS4_MP1_IMLS336_C05","161","156","201","205","178","178","245","261","141","137","0","0","197","226","223","223","095","095"
"IMLS4_MP1_IMLS376_F10","IMLS4_MP1_IMLS336_C05","161","156","201","205","175","178","253","245","137","139","216","216","197","199","223","223","095","095"
"IMLS4_MP1_IMLS377_F11","IMLS4_MP1_IMLS336_C05","156","164","201","205","177","177","271","255","137","135","0","0","202","197","223","223","095","099"
"IMLS4_MP1_IMLS378_F12","IMLS4_MP1_IMLS336_C05","161","161","201","207","175","210","247","245","141","141","214","214","197","199","223","223","095","095"
"IMLS4_MP1_IMLS379_G01","IMLS4_MP1_IMLS336_C05","169","161","201","207","175","175","247","265","141","147","214","214","202","247","0","0","095","095"
"IMLS4_MP1_IMLS380_G02","IMLS4_MP1_IMLS336_C05","161","161","201","207","175","176","247","245","141","141","214","214","247","204","0","0","095","095"
"IMLS4_MP1_IMLS381_G03","IMLS4_MP1_IMLS336_C05","161","161","207","207","210","210","247","253","137","137","0","0","197","247","223","225","095","095"
"IMLS4_MP1_IMLS382_G04","IMLS4_MP1_IMLS336_C05","161","161","201","201","175","176","247","245","141","141","214","214","247","199","0","0","0","0"
"IMLS4_MP1_IMLS383_G05","IMLS4_MP1_IMLS336_C05","169","161","201","201","175","210","265","253","141","137","214","214","202","197","223","225","095","095"
"IMLS4_MP1_IMLS384_G06","IMLS4_MP1_IMLS336_C05","169","161","201","207","175","210","265","253","147","137","214","214","197","247","223","225","095","095"
"IMLS4_MP1_IMLS385_G07","IMLS4_MP1_IMLS336_C05","161","156","201","207","178","178","249","271","141","137","206","206","197","204","223","223","095","095"
"IMLS4_MP1_IMLS386_G08","IMLS4_MP1_IMLS336_C05","161","161","201","207","175","175","249","271","137","139","214","214","197","201","223","223","095","095"
"IMLS4_MP1_IMLS387_G10","IMLS4_MP1_IMLS336_C05","0","0","0","0","175","176","0","0","137","139","214","216","0","0","0","0","095","093"
"IMLS4_MP1_IMLS388_G09","IMLS4_MP1_IMLS336_C05","161","163","201","207","175","175","247","247","141","137","214","206","212","205","223","223","095","095"
"IMLS4_MP1_IMLS389_G11","IMLS4_MP1_IMLS336_C05","161","156","201","207","175","178","245","230","137","139","216","216","197","199","223","215","095","095"
"IMLS4_MP1_IMLS332_C01","IMLS4_MP1_IMLS336_C05","158","161","201","207","175","175","247","247","141","147","214","230","204","214","223","225","095","095"
"IMLS4_MP1_IMLS333_C02","IMLS4_MP1_IMLS336_C05","161","161","205","205","210","172","247","235","141","137","214","214","214","206","223","223","095","095"
"IMLS4_MP1_IMLS334_C03","IMLS4_MP1_IMLS336_C05","158","161","201","203","175","172","0","0","141","137","214","214","214","214","223","225","095","095"
"IMLS4_MP1_IMLS335_C04","IMLS4_MP1_IMLS336_C05","158","161","207","205","175","172","247","245","141","137","0","0","199","199","223","188","095","095"
"IMLS4_MP1_IMLS336_C05","IMLS4_MP1_IMLS336_C05","161","161","201","207","175","172","247","247","141","141","216","215","202","204","223","223","095","095"
