Tissue_ID,Longitude,Latitude,Source Database Pop,Island and Site
QTo-W-0001,,,SR-G,Santa Rosa Grove 1
QTo-W-0002,,,SR-G,Santa Rosa Grove 1
QTo-W-0003,,,SR-G,Santa Rosa Grove 1
QTo-W-0004,,,SR-G,Santa Rosa Grove 1
QTo-W-0005,,,SR-G,Santa Rosa Grove 1
QTo-W-0006,,,SR-G,Santa Rosa Grove 1
QTo-W-0007,,,SR-G,Santa Rosa Grove 1
QTo-W-0008,,,SR-G,Santa Rosa Grove 2
QTo-W-0009,,,SR-G,Santa Rosa Grove 2
QTo-W-0010,,,SR-G,Santa Rosa Grove 2
QTo-W-0011,,,SR-G,Santa Rosa Grove 2
QTo-W-0012,,,SR-G,Santa Rosa Grove 2
QTo-W-0013,,,SR-G,Santa Rosa Grove 2
QTo-W-0014,,,SR-G,Santa Rosa Grove 2
QTo-W-0015,,,SR-G,Santa Rosa Grove 3
QTo-W-0016,,,SR-G,Santa Rosa Grove 3 
QTo-W-0017,,,SR-G,Santa Rosa Grove 3
QTo-W-0018,,,SR-G,Santa Rosa Grove 3
QTo-W-0019,,,SR-G,Santa Rosa Grove 3
QTo-W-0020,,,SR-G,Santa Rosa Grove 3
QTo-W-0021,,,SR-G,Santa Rosa Grove 3
QTo-W-0022,,,SR-G,Santa Rosa Grove 3
QTo-W-0023,,,SR-G,Santa Rosa Grove 3
QTo-W-0024,,,SR-G,Santa Rosa Grove 3
QTo-W-0025,,,SR-G,Santa Rosa Grove 4
QTo-W-0026,,,SR-G,Santa Rosa Grove 4
QTo-W-0027,,,SR-G,Santa Rosa Grove 4
QTo-W-0028,,,SR-G,Santa Rosa Grove 4
QTo-W-0029,,,SR-G,Santa Rosa Grove 4
QTo-W-0030,,,SR-G,Santa Rosa Grove 4
QTo-W-0031,,,SR-G,Santa Rosa Grove 4
QTo-W-0032,,,SR-G,Santa Rosa Grove 4
QTo-W-0033,-120.0738416,33.98462468,SR-G,Santa Rosa Grove 5 near Soledad Peak
QTo-W-0034,-120.0738173,33.98455318,SR-G,Santa Rosa Grove 5 near Soledad Peak
QTo-W-0035,-120.073762,33.9845185,SR-G,Santa Rosa Grove 5 near Soledad Peak
QTo-W-0036,-120.0737639,33.98457254,SR-G,Santa Rosa Grove 5 near Soledad Peak
QTo-W-0037,-120.0737983,33.98462576,SR-G,Santa Rosa Grove 5 near Soledad Peak
QTo-W-0038,-120.0737967,33.98458074,SR-G,Santa Rosa Grove 5 near Soledad Peak
QTo-W-0039,-120.0736046,33.98495512,SR-G,Santa Rosa Grove 5 near Soledad Peak
QTo-W-0040,-120.0735738,33.98500096,SR-G,Santa Rosa Grove 5 near Soledad Peak
QTo-W-0041,-120.0735652,33.98506427,SR-G,Santa Rosa Grove 5 near Soledad Peak
QTo-W-0042,-120.0735882,33.98509975,SR-G,Santa Rosa Grove 5 near Soledad Peak
QTo-W-0043,-120.0735174,33.98523673,SR-G,Santa Rosa Grove 5 near Soledad Peak
QTo-W-0044,-120.1135841,33.94630668,SR-G,Santa Rosa Grove 6 Down Hill across gully
QTo-W-0045,-120.1136192,33.9463779,SR-G,Santa Rosa Grove 6 Down Hill across gully
QTo-W-0046,-120.1136192,33.9463779,SR-G,Santa Rosa Grove 6 Down Hill across gully
QTo-W-0047,-120.1136192,33.9463779,SR-G,Santa Rosa Grove 6 Down Hill across gully
QTo-W-0048,-120.1136192,33.9463779,SR-G,Santa Rosa Grove 6 Down Hill across gully
QTo-W-0049,-120.1176341,33.94673591,SR-G,Santa Rosa Grove 6 Down Hill across gully
QTo-W-0050,-120.1185321,33.94585681,SR-G,Santa Rosa Grove 6 Down Hill across gully
QTo-W-0051,-120.1188903,33.94529788,SR-G,Santa Rosa Grove 6 Down Hill across gully
QTo-W-0052,-120.1200646,33.94576387,SR-G,Santa Rosa Grove 6 Down Hill across gully
QTo-W-0053,-120.1200646,33.94576387,SR-G,Santa Rosa Grove 6 Down Hill across gully
QTo-W-0054,-120.1174965,33.9462256,SR-G,Santa Rosa Grove 6 Down Hill across gully
QTo-W-0055,-120.1174631,33.94619941,SR-G,Santa Rosa Grove 6 Down Hill across gully
QTo-W-0056,-120.117358,33.9462832,SR-G,Santa Rosa Grove 6 Down Hill across gully
QTo-W-0057,-120.1173652,33.94618386,SR-G,Santa Rosa Grove 6 Down Hill across gully
QTo-W-0058,-120.1172433,33.94610582,SR-G,Santa Rosa Grove 6 Down Hill across gully
QTo-W-0059,-120.1169313,33.94614979,SR-G,Santa Rosa Grove 6 Down Hill across gully
QTo-W-0060,-120.1161205,33.94616132,SR-G,Santa Rosa Grove 6 Down Hill across gully
QTo-W-0061,-120.1177627,33.94611069,SR-G,Santa Rosa Grove 6 Down Hill across gully
QTo-W-0062,-120.1176798,33.94621194,SR-G,Santa Rosa Grove 6 Down Hill across gully
QTo-W-0063,-120.1176363,33.94620403,SR-G,Santa Rosa Grove 6 Down Hill across gully
QTo-W-0064,-120.1176268,33.94624033,SR-G,Santa Rosa Grove 6 Down Hill across gully
QTo-W-0065,-120.1177296,33.9460935,SR-G,Santa Rosa Grove 6 Down Hill across gully
QTo-W-0066,-120.1177391,33.9460572,SR-G,Santa Rosa Grove 6 Down Hill across gully
QTo-W-0067,-120.1179855,33.94510449,SR-G,Santa Rosa Grove 6 Down Hill across gully
QTo-W-0068,-120.1177617,33.94608367,SR-G,Santa Rosa Grove 6 Down Hill across gully
QTo-W-0069,-120.1099983,33.9485247,SR-G,Santa Rosa Grove 6 Down Hill across gully
QTo-W-0070,-120.1096538,33.94797455,SR-G,Santa Rosa Grove 6 Down Hill across gully
QTo-W-0071,-120.1099492,33.94806623,SR-G,Santa Rosa Grove 6 Down Hill across gully
QTo-W-0072,-120.1099583,33.94802093,SR-G,Santa Rosa Grove 6 Down Hill across gully
QTo-W-0073,-120.1101221,33.9477644,SR-G,Santa Rosa Grove 6 Down Hill across gully
QTo-W-0074,-120.1102746,33.9477966,SR-G,Santa Rosa Grove 6 Down Hill across gully
QTo-W-0075,-120.109771,33.94792651,SR-G,Santa Rosa Grove 6 Down Hill across gully
QTo-W-0076,-120.1098021,33.94788967,SR-G,Santa Rosa Grove 6 Down Hill across gully
QTo-W-0077,-120.1098237,33.94788913,SR-G,Santa Rosa Grove 6 Down Hill across gully
QTo-W-0078,-120.1098149,33.94794343,SR-G,Santa Rosa Grove 6 Down Hill across gully
QTo-W-0079,-120.1096878,33.9477213,SR-G,Santa Rosa Grove 6 Down Hill across gully
QTo-W-0080,-120.1097524,33.94771065,SR-G,Santa Rosa Grove 6 Down Hill across gully
QTo-W-0081,-120.1093211,33.9477486,SR-G,Santa Rosa Grove 6 Down Hill across gully
QTo-W-0082,-120.1092323,33.94739028,SR-G,Santa Rosa Grove 6 Down Hill across gully
QTo-W-0083,-120.1092242,33.9474626,SR-G,Santa Rosa Grove 6 Down Hill across gully
QTo-W-0084,-120.1092425,33.947372,SR-G,Santa Rosa Grove 6 Down Hill across gully
QTo-W-0085,-120.1099803,33.94802939,SR-G,Santa Rosa Grove 6 Down Hill across gully
QTo-W-0086,-120.1094514,33.94687094,SR-G,Santa Rosa Grove 6 Down Hill across gully
QTo-W-0087,-120.1094514,33.94687094,SR-G,Santa Rosa Grove 6 Down Hill across gully
QTo-W-0088,-120.1094514,33.94687094,SR-G,Santa Rosa Grove 6 Down Hill across gully
QTo-W-0089,-120.1094986,33.94757284,SR-G,Santa Rosa Grove 6 Down Hill across gully
QTo-W-0090,-120.1095192,33.94754528,SR-G,Santa Rosa Grove 6 Down Hill across gully
QTo-W-0091,-120.1095192,33.94754528,SR-G,Santa Rosa Grove 6 Down Hill across gully
QTo-W-0092,-120.1100981,33.95245228,SR-G,Santa Rosa Grove 6 Down Hill across gully
QTo-W-0093,-120.1100981,33.95245228,SR-G,Santa Rosa Grove 6 Down Hill across gully
QTo-W-0094,-120.1100981,33.95245228,SR-G,Santa Rosa Grove 6 Down Hill across gully
QTo-W-0095,-120.1100981,33.95245228,SR-G,Santa Rosa Grove 6 Down Hill across gully
QTo-W-0096,-120.1100981,33.95245228,SR-G,Santa Rosa Grove 6 Down Hill across gully
QTo-W-0097,-120.1100981,33.95245228,SR-G,Santa Rosa Grove 6 Down Hill across gully
QTo-W-0098,-120.1100981,33.95245228,SR-G,Santa Rosa Grove 6 Down Hill across gully
QTo-W-0099,-120.1100981,33.95245228,SR-G,Santa Rosa Grove 6 Down Hill across gully
QTo-W-0100,-120.1100981,33.95245228,SR-G,Santa Rosa Grove 6 Down Hill across gully
QTo-W-0101,-120.1100981,33.95245228,SR-G,Santa Rosa Grove 6 Down Hill across gully
QTo-W-0102,-120.1100981,33.95245228,SR-G,Santa Rosa Grove 6 Down Hill across gully
QTo-W-0103,-120.1100981,33.95245228,SR-G,Santa Rosa Grove 6 Down Hill across gully
QTo-W-0104,-120.1100981,33.95245228,SR-G,Santa Rosa Grove 6 Down Hill across gully
QTo-W-0105,-120.1100981,33.95245228,SR-G,Santa Rosa Grove 6 Down Hill across gully
QTo-W-0106,-120.1100981,33.95245228,SR-G,Santa Rosa Grove 6 Down Hill across gully
QTo-W-0107,-120.1100981,33.95245228,SR-G,Santa Rosa Grove 6 Down Hill across gully
QTo-W-0108,-120.1100981,33.95245228,SR-G,Santa Rosa Grove 6 Down Hill across gully
QTo-W-0109,-120.1100981,33.95245228,SR-G,Santa Rosa Grove 6 Down Hill across gully
QTo-W-0110,-120.1100981,33.95245228,SR-G,Santa Rosa Grove 6 Down Hill across gully
QTo-W-0111,-120.1100981,33.95245228,SR-G,Santa Rosa Grove 6 Down Hill across gully
QTo-W-0112,-120.1100981,33.95245228,SR-G,Santa Rosa Grove 6 Down Hill across gully
QTo-W-0113,-120.1100981,33.95245228,SR-G,Santa Rosa Grove 6 Down Hill across gully
QTo-W-0114,-120.1100981,33.95245228,SR-G,Santa Rosa Grove 6 Down Hill across gully
QTo-W-0115,-120.1100981,33.95245228,SR-G,Santa Rosa Grove 6 Down Hill across gully
QTo-W-0116,-120.1100981,33.95245228,SR-G,Santa Rosa Grove 6 Down Hill across gully
QTo-W-0117,-120.1100981,33.95245228,SR-G,Santa Rosa Grove 6 Down Hill across gully
QTo-W-0118,-120.1100981,33.95245228,SR-G,Santa Rosa Grove 6 Down Hill across gully
QTo-W-0119,-120.1100981,33.95245228,SR-G,Santa Rosa Grove 6 Down Hill across gully
QTo-W-0120,-120.1100981,33.95245228,SR-G,Santa Rosa Grove 6 Down Hill across gully
QTo-W-0121,-120.1100981,33.95245228,SR-G,Santa Rosa Grove 6 Down Hill across gully
QTo-W-0122,-120.1100981,33.95245228,SR-G,Santa Rosa Grove 6 Down Hill across gully
QTo-W-0123,-120.1237792,33.94767067,SR-G,Santa Rosa Grove 6 Down Hill across gully
QTo-W-0124,-120.1237792,33.94767067,SR-G,Santa Rosa Grove 6 Down Hill across gully
QTo-W-0125,-120.1237792,33.94767067,SR-G,Santa Rosa Grove 6 Down Hill across gully
QTo-W-0126,-120.1237792,33.94767067,SR-G,Santa Rosa Grove 6 Down Hill across gully
QTo-W-0127,-120.1237792,33.94767067,SR-G,Santa Rosa Grove 6 Down Hill across gully
QTo-W-0128,-120.1237792,33.94767067,SR-G,Santa Rosa Grove 6 Down Hill across gully
QTo-W-0129,-120.1237792,33.94767067,SR-G,Santa Rosa Grove 6 Down Hill across gully
QTo-W-0130,-120.1237792,33.94767067,SR-G,Santa Rosa Grove 6 Down Hill across gully
QTo-W-0131,-120.1363883,33.95291135,SR-G,Santa Rosa Grove 6 Down Hill across gully
QTo-W-0132,-120.0963371,34.01588849,SR-G,Santa Rosa Grove 6 Down Hill across gully
QTo-W-0133,-120.0924664,34.00885591,SR-G,Santa Rosa Grove 6 Down Hill across gully
QTo-W-0134,-120.0785448,33.98062193,SR-G,Santa Rosa Grove 6 Down Hill across gully
QTo-W-0135,-120.0796229,33.983209,SR-G,Santa Rosa Grove 6 Down Hill across gully
QTo-W-0136,-120.0796229,33.983209,SR-G,Santa Rosa Grove 6 Down Hill across gully
QTo-W-0137,-120.0796229,33.983209,SR-G,Santa Rosa Grove 6 Down Hill across gully
QTo-W-0138,-120.0796229,33.983209,SR-G,Santa Rosa Grove 6 Down Hill across gully
QTo-W-0139,-120.0631208,33.9813858,SR-G,Santa Rosa Grove 6 Down Hill across gully
QTo-W-0140,-120.0631208,33.9813858,SR-G,Santa Rosa Grove 6 Down Hill across gully
QTo-W-0141,-120.0631208,33.9813858,SR-G,Santa Rosa Grove 6 Down Hill across gully
QTo-W-0142,-120.0631208,33.9813858,SR-G,Santa Rosa Grove 6 Down Hill across gully
QTo-W-0143,-120.0631208,33.9813858,SR-G,Santa Rosa Grove 6 Down Hill across gully
QTo-W-0144,-120.0628054,33.98133958,SR-G,Santa Rosa Grove 6 Down Hill across gully
QTo-W-0145,-120.0628054,33.98133958,SR-G,Santa Rosa Grove 6 Down Hill across gully
QTo-W-0146,-120.0628054,33.98133958,SR-G,Santa Rosa Grove 6 Down Hill across gully
QTo-W-0147,-120.0628054,33.98133958,SR-G,Santa Rosa Grove 6 Down Hill across gully
QTo-W-0148,-120.0628054,33.98133958,SR-G,Santa Rosa Grove 6 Down Hill across gully
QTo-W-0149,-120.0620338,33.98154809,SR-G,Santa Rosa Grove 6 Down Hill across gully
QTo-W-0150,-120.0620338,33.98154809,SR-G,Santa Rosa Grove 6 Down Hill across gully
QTo-W-0151,-120.0620338,33.98154809,SR-G,Santa Rosa Grove 6 Down Hill across gully
QTo-W-0152,-120.0620338,33.98154809,SR-G,Santa Rosa Grove 6 Down Hill across gully
QTo-W-0153,-120.0620338,33.98154809,SR-G,Santa Rosa Grove 6 Down Hill across gully
QTo-W-0154,-120.0620338,33.98154809,SR-G,Santa Rosa Grove 6 Down Hill across gully
QTo-W-0155,-120.0620338,33.98154809,SR-G,Santa Rosa Grove 6 Down Hill across gully
QTo-W-0156,-120.0620338,33.98154809,SR-G,Santa Rosa Grove 6 Down Hill across gully
QTo-W-0157,-120.0620338,33.98154809,SR-G,Santa Rosa Grove 6 Down Hill across gully
QTo-W-0158,-120.0620338,33.98154809,SR-G,Santa Rosa Grove 6 Down Hill across gully
QTo-W-0159,-120.0615386,33.98192099,SR-G,Santa Rosa Grove 6 Down Hill across gully
QTo-W-0160,-120.0615386,33.98192099,SR-G,Santa Rosa Grove 6 Down Hill across gully
QTo-W-0161,-120.0615386,33.98192099,SR-G,Santa Rosa Grove 6 Down Hill across gully
QTo-W-0162,-120.0615386,33.98192099,SR-G,Santa Rosa Grove 6 Down Hill across gully
QTo-W-0163,-120.0615386,33.98192099,SR-G,Santa Rosa Grove 6 Down Hill across gully
QTo-W-0164,-120.0615386,33.98192099,SR-G,Santa Rosa Grove 6 Down Hill across gully
QTo-W-0165,-120.0904856,33.97959219,SR-G,Santa Rosa Grove 6 Down Hill across gully
QTo-W-0166,-120.0904856,33.97959219,SR-G,Santa Rosa Grove 6 Down Hill across gully
QTo-W-0167,-120.0904856,33.97959219,SR-G,Santa Rosa Grove 6 Down Hill across gully
QTo-W-0168,-120.0904856,33.97959219,SR-G,Santa Rosa Grove 6 Down Hill across gully
QTo-W-0169,-120.0904856,33.97959219,SR-G,Santa Rosa Grove 6 Down Hill across gully
QTo-W-0170,-120.0869711,33.97904951,SR-G,Santa Rosa Grove 6 Down Hill across gully
QTo-W-0171,-120.0869711,33.97904951,SR-G,Santa Rosa Grove 6 Down Hill across gully
QTo-W-0172,-120.0869711,33.97904951,SR-G,Santa Rosa Grove 6 Down Hill across gully
QTo-W-0173,-120.0869711,33.97904951,SR-G,Santa Rosa Grove 6 Down Hill across gully
QTo-W-0174,-120.0869711,33.97904951,SR-G,Santa Rosa Grove 6 Down Hill across gully
QTo-W-0175,-120.096165,33.97478904,SR-G,Santa Rosa Grove 6 Down Hill across gully
QTo-W-0176,-120.096165,33.97478904,SR-G,Santa Rosa Grove 6 Down Hill across gully
QTo-W-0177,-120.096165,33.97478904,SR-G,Santa Rosa Grove 6 Down Hill across gully
QTo-W-0178,-120.0960985,33.97474565,SR-G,Santa Rosa Grove 6 Down Hill across gully
QTo-W-0179,-120.096165,33.97478904,SR-G,Santa Rosa Grove 6 Down Hill across gully
QTo-W-0180,-120.0881952,33.97041938,SR-G,Santa Rosa Grove 6 Down Hill across gully
QTo-W-0181,-120.0879928,33.96991066,SR-G,Santa Rosa Grove 6 Down Hill across gully
QTo-W-0182,-120.0881621,33.97040218,SR-G,Santa Rosa Grove 6 Down Hill across gully
QTo-W-0183,-120.0878368,33.97068077,SR-G,Santa Rosa Grove 6 Down Hill across gully
QTo-W-0184,-120.0878368,33.97068077,SR-G,Santa Rosa Grove 6 Down Hill across gully
QTo-W-0185,-120.0878368,33.97068077,SR-G,Santa Rosa Grove 6 Down Hill across gully
QTo-W-0186,-120.0880573,33.97049495,SR-G,Santa Rosa Grove 6 Down Hill across gully
QTo-W-0187,-120.0880573,33.97049495,SR-G,Santa Rosa Grove 6 Down Hill across gully
QTo-W-0188,-120.0880573,33.97049495,SR-G,Santa Rosa Grove 6 Down Hill across gully
QTo-W-0189,-120.0880573,33.97049495,SR-G,Santa Rosa Grove 6 Down Hill across gully
QTo-W-0190,-120.0880573,33.97049495,SR-G,Santa Rosa Grove 6 Down Hill across gully
QTo-W-0191,-120.0880573,33.97049495,SR-G,Santa Rosa Grove 6 Down Hill across gully
QTo-W-0192,-120.0882292,33.97046359,SR-G,Santa Rosa Grove 6 Down Hill across gully
QTo-W-0193,-120.0882292,33.97046359,SR-G,Santa Rosa Grove 6 Down Hill across gully
QTo-W-0194,-120.0882292,33.97046359,SR-G,Santa Rosa Grove 6 Down Hill across gully
QTo-W-0195,-120.0882292,33.97046359,SR-G,Santa Rosa Grove 6 Down Hill across gully
QTo-W-0196,-120.0882292,33.97046359,SR-G,Santa Rosa Grove 6 Down Hill across gully
QTo-W-0197,-120.0882292,33.97046359,SR-G,Santa Rosa Grove 6 Down Hill across gully
QTo-W-0198,-118.3145165,33.32934353,,Catalina Pebbly beach Renton Mine
QTo-W-0199,-118.3140897,33.32953744,,Catalina Pebbly beach Renton Mine
QTo-W-0200,-118.3141752,33.32950948,,Catalina Pebbly beach Renton Mine
QTo-W-0201,-118.3142832,33.32954441,,Catalina Pebbly beach Renton Mine
QTo-W-0202,-118.3141752,33.32950948,,Catalina Pebbly beach Renton Mine
QTo-W-0203,-118.3141955,33.3294281,,Catalina Pebbly beach Renton Mine
QTo-W-0204,-118.3619545,33.35859473,,Catalina Gallagnen Canyon
QTo-W-0205,-118.3620663,33.35887309,,Catalina Gallagnen Canyon
QTo-W-0206,-118.3620534,33.35873795,,Catalina Gallagnen Canyon
QTo-W-0207,-118.3617926,33.35924587,,Catalina Gallagnen Canyon
QTo-W-0208,-118.3618789,33.35926296,,Catalina Gallagnen Canyon
QTo-W-0209,-118.361879,33.35927198,,Catalina Gallagnen Canyon
QTo-W-0210,-118.3619995,33.35941496,,Catalina Gallagnen Canyon
QTo-W-0211,-118.3619237,33.35937971,,Catalina Gallagnen Canyon
QTo-W-0212,-118.3617822,33.35926402,,Catalina Gallagnen Canyon
QTo-W-0213,-118.3619068,33.35898307,,Catalina Gallagnen Canyon
QTo-W-0214,-118.3618765,33.35910967,,Catalina Gallagnen Canyon
QTo-W-0215,-118.3617013,33.35958959,,Catalina Gallagnen Canyon
QTo-W-0216,-118.428132,33.37412092,C-MtO,Catalina Mt. Orizaba
QTo-W-0217,-118.428132,33.37412092,C-MtO,Catalina Mt. Orizaba
QTo-W-0218,-118.428132,33.37412092,C-MtO,Catalina Mt. Orizaba
QTo-W-0219,-118.428132,33.37412092,C-MtO,Catalina Mt. Orizaba
QTo-W-0220,-118.428132,33.37412092,C-MtO,Catalina Mt. Orizaba
QTo-W-0221,-118.428132,33.37412092,C-MtO,Catalina Mt. Orizaba
QTo-W-0222,-118.4297057,33.36387553,C-MtO,Catalina Mt. Orizaba
QTo-W-0223,-118.4297057,33.36387553,C-MtO,Catalina Mt. Orizaba
QTo-W-0224,-118.4257988,33.37408461,C-MtO,Catalina Mt. Orizaba
QTo-W-0225,-118.4257523,33.3738687,C-MtO,Catalina Mt. Orizaba
QTo-W-0226,-118.4257988,33.37408461,C-MtO,Catalina Mt. Orizaba
QTo-W-0227,-118.4288246,33.37375219,C-MtO,Catalina Mt. Orizaba
QTo-W-0228,-118.4257523,33.3738687,C-MtO,Catalina Mt. Orizaba
QTo-W-0229,-118.4257523,33.3738687,C-MtO,Catalina Mt. Orizaba
QTo-W-0230,-118.4257988,33.37408461,C-MtO,Catalina Mt. Orizaba
QTo-W-0231,-118.4257988,33.37408461,C-MtO,Catalina Mt. Orizaba
QTo-W-0232,-118.4257523,33.3738687,C-MtO,Catalina Mt. Orizaba
QTo-W-0233,-118.4288246,33.37375219,C-MtO,Catalina Mt. Orizaba
QTo-W-0234,-118.4288246,33.37375219,C-MtO,Catalina Mt. Orizaba
QTo-W-0235,-118.4288246,33.37375219,C-MtO,Catalina Mt. Orizaba
QTo-W-0236,-118.4275572,33.35802002,C-MtO,Catalina Mt. Orizaba
QTo-W-0237,-118.4275572,33.35802002,C-MtO,Catalina Mt. Orizaba
QTo-W-0238,-118.4275572,33.35802002,C-MtO,Catalina Mt. Orizaba
QTo-W-0239,-118.4275572,33.35802002,C-MtO,Catalina Mt. Orizaba
QTo-W-0240,-118.4275572,33.35802002,C-MtO,Catalina Mt. Orizaba
QTo-W-0241,-118.4307029,33.36570387,C-MtO,Catalina Mt. Orizaba
QTo-W-0242,-118.4307029,33.36570387,C-MtO,Catalina Mt. Orizaba
QTo-W-0243,-118.4307029,33.36570387,C-MtO,Catalina Mt. Orizaba
QTo-W-0244,-118.3908515,33.41783443,C-TR,Catalina Twin Rocks
QTo-W-0245,-118.3908515,33.41783443,C-TR,Catalina Twin Rocks
QTo-W-0246,-118.3908515,33.41783443,C-TR,Catalina Twin Rocks
QTo-W-0247,-118.3908515,33.41783443,C-TR,Catalina Twin Rocks
QTo-W-0248,-118.3908515,33.41783443,C-TR,Catalina Twin Rocks
QTo-W-0249,-118.4412646,33.37916389,C-TR,Catalina Twin Rocks
QTo-W-0250,-118.4412646,33.37916389,C-TR,Catalina Twin Rocks
QTo-W-0251,-118.4412646,33.37916389,C-TR,Catalina Twin Rocks
QTo-W-0252,-118.4412646,33.37916389,C-TR,Catalina Twin Rocks
QTo-W-0253,-118.4412646,33.37916389,C-TR,Catalina Twin Rocks
QTo-W-0254,-118.4412646,33.37916389,C-TR,Catalina Twin Rocks
QTo-W-0255,-118.4412646,33.37916389,C-TR,Catalina Twin Rocks
QTo-W-0256,-118.4412646,33.37916389,C-TR,Catalina Twin Rocks
QTo-W-0257,-118.4412646,33.37916389,C-TR,Catalina Twin Rocks
QTo-W-0258,-118.4412646,33.37916389,C-TR,Catalina Twin Rocks
QTo-W-0259,-118.3785932,33.33075923,C-TR,Catalina Twin Rocks
QTo-W-0260,-118.3785932,33.33075923,C-TR,Catalina Twin Rocks
QTo-W-0261,-118.3785932,33.33075923,C-TR,Catalina Twin Rocks
QTo-W-0262,-118.3785932,33.33075923,C-TR,Catalina Twin Rocks
QTo-W-0263,-118.3785932,33.33075923,C-TR,Catalina Twin Rocks
QTo-W-0264,-118.3785932,33.33075923,C-TR,Catalina Twin Rocks
QTo-W-0265,-118.3785932,33.33075923,C-TR,Catalina Twin Rocks
QTo-W-0266,-118.3785932,33.33075923,C-TR,Catalina Twin Rocks
QTo-W-0267,-118.3785932,33.33075923,C-TR,Catalina Twin Rocks
QTo-W-0268,-118.3785932,33.33075923,C-TR,Catalina Twin Rocks
QTo-W-0269,-118.3785932,33.33075923,C-TR,Catalina Twin Rocks
QTo-W-0270,-118.3785932,33.33075923,C-TR,Catalina Twin Rocks
QTo-W-0271,-118.3785932,33.33075923,C-TR,Catalina Twin Rocks
QTo-W-0272,-118.3785932,33.33075923,C-TR,Catalina Twin Rocks
QTo-W-0273,-119.5947481,34.01145626,SCr,Santa Cruz
QTo-W-0274,-119.5948524,34.01132784,SCr,Santa Cruz
QTo-W-0275,-119.6135246,34.0031249,SCr,Santa Cruz
QTo-W-0276,-119.6135807,34.00248362,SCr,Santa Cruz
QTo-W-0277,-119.8184211,33.98544521,SCr,Santa Cruz
QTo-W-0278,-119.8181025,33.98693996,SCr,Santa Cruz
QTo-W-0279,-119.696018,34.02669402,SCr,Santa Cruz
QTo-W-0280,-119.696018,34.02669402,SCr,Santa Cruz
QTo-W-0281,-119.696018,34.02669402,SCr,Santa Cruz
QTo-W-0282,-119.5747462,34.03668748,SCr,Santa Cruz
QTo-W-0283,-119.5747462,34.03668748,SCr,Santa Cruz
QTo-W-0284,-119.5747462,34.03668748,SCr,Santa Cruz
QTo-W-0285,-119.5747462,34.03668748,SCr,Santa Cruz
QTo-W-0286,-119.5747462,34.03668748,SCr,Santa Cruz
QTo-W-0287,-119.5947924,34.01149139,SCr,Santa Cruz
QTo-W-0288,-119.5947924,34.01149139,SCr,Santa Cruz
QTo-W-0289,-119.5947924,34.01149139,SCr,Santa Cruz
QTo-W-0290,-119.5947924,34.01149139,SCr,Santa Cruz
QTo-W-0291,-119.5947924,34.01149139,SCr,Santa Cruz
QTo-W-0292,-119.5947924,34.01149139,SCr,Santa Cruz
QTo-W-0293,-119.7901958,34.01417046,SCr,Santa Cruz
QTo-W-0294,-119.7901958,34.01417046,SCr,Santa Cruz
QTo-W-0295,-119.7914499,34.02998114,SCr,Santa Cruz
QTo-W-0296,-118.4299347,32.87207057,SCl,San Clemente QUETOM Eagle #1
QTo-W-0297,-118.4299347,32.87207057,SCl,San Clemente QUETOM Eagle #1
QTo-W-0298,-118.4299347,32.87207057,SCl,San Clemente QUETOM Eagle #1
QTo-W-0299,-118.4299347,32.87207057,SCl,San Clemente QUETOM Eagle #1
QTo-W-0300,-118.4299347,32.87207057,SCl,San Clemente QUETOM Eagle #1
QTo-W-0301,-118.4263794,32.87297704,SCl,San Clemente QUETOM Eagle #2
QTo-W-0302,-118.4263794,32.87297704,SCl,San Clemente QUETOM Eagle #2
QTo-W-0303,-118.4263794,32.87297704,SCl,San Clemente QUETOM Eagle #2
QTo-W-0304,-118.4263794,32.87297704,SCl,San Clemente QUETOM Eagle #2
QTo-W-0305,-118.4360671,32.8739034,SCl,San Clemente QUETOM  Eagle #3
QTo-W-0306,-118.4360671,32.8739034,SCl,San Clemente QUETOM  Eagle #3
QTo-W-0307,-118.4360671,32.8739034,SCl,San Clemente QUETOM  Eagle #3
QTo-W-0308,-118.4360671,32.8739034,SCl,San Clemente QUETOM  Eagle #3
QTo-W-0309,-118.4360671,32.8739034,SCl,San Clemente QUETOM  Eagle #3
QTo-W-0310,-118.5051392,32.93295204,SCl,San Clemente (Lemon Tank Grove)
QTo-W-0311,-118.5051392,32.93295204,SCl,San Clemente (Lemon Tank Grove) 
QTo-W-0312,-118.4235394,32.87383918,SCl,"San Clemente QUETOM BRYCE EH,BSN"
QTo-W-0313,-118.4235394,32.87383918,SCl,"San Clemente QUETOM BRYCE EH,BSN"
QTo-W-0314,-118.4235394,32.87383918,SCl,"San Clemente QUETOM BRYCE EH,BSN"
QTo-W-0315,-118.4235394,32.87383918,SCl,"San Clemente QUETOM BRYCE EH,BSN"
QTo-W-0316,-118.4235394,32.87383918,SCl,"San Clemente QUETOM BRYCE EH,BSN"
QTo-W-0317,-118.4482605,32.85866431,SCl,San Clemente QUETOM OP3 EH BSN
QTo-W-0318,-118.4817424,32.91589665,SCl,San Clemente Stone  Station Grove #4
QTo-W-0319,-118.4817424,32.91589665,SCl,San Clemente Stone  Station Grove #4
QTo-W-0320,-118.4817424,32.91589665,SCl,San Clemente Stone  Station Grove #4
QTo-W-0321,-118.4817424,32.91589665,SCl,San Clemente Stone  Station Grove #4
QTo-W-0322,-118.4817424,32.91589665,SCl,San Clemente Stone  Station Grove #4
QTo-W-0323,-118.4796935,32.91101443,SCl,San Clemente Stone  Station Grove #4
QTo-W-0324,-118.4796935,32.91101443,SCl,San Clemente Stone  Station Grove #4
QTo-W-0325,-118.4796935,32.91101443,SCl,San Clemente Stone  Station Grove #4
QTo-W-0326,-118.4796935,32.91101443,SCl,San Clemente Stone  Station Grove #4
,,,,
,,,,
,,,,
,,,,
,,,,
,,,,
,,,,
,,,,
,,,,
,,,,
,,,,
,,,,
,,,,
,,,,
,,,,
,,,,
,,,,
,,,,
,,,,
,,,,
,,,,
,,,,
,,,,
,,,,
,,,,
,,,,
,,,, 
